"Category","Key","Url","File"
"MapDecor","maps_minimap_mid_psd_7034a849_webp","https://assets-bucket.deadlock-api.com/assets-api-res/images/maps/minimap_mid_psd_7034a849.webp","C:\APP\programs\shixi\deadlock-banpick\assets\UiDownloads\MapDecor\maps_minimap_mid_psd_7034a849_webp.webp"
"MapDecor","maps_minimap_bg_png","https://assets-bucket.deadlock-api.com/assets-api-res/images/maps/minimap_bg.png","C:\APP\programs\shixi\deadlock-banpick\assets\UiDownloads\MapDecor\maps_minimap_bg_png.png"
"MapDecor","maps_minimap_midtown_mid_tunnels_webp","https://assets-bucket.deadlock-api.com/assets-api-res/images/maps/minimap_midtown_mid_tunnels.webp","C:\APP\programs\shixi\deadlock-banpick\assets\UiDownloads\MapDecor\maps_minimap_midtown_mid_tunnels_webp.webp"
"MapDecor","maps_minimap_midtown_mid_psd_dd4bcbf9_webp","https://assets-bucket.deadlock-api.com/assets-api-res/images/maps/minimap_midtown_mid_psd_dd4bcbf9.webp","C:\APP\programs\shixi\deadlock-banpick\assets\UiDownloads\MapDecor\maps_minimap_midtown_mid_psd_dd4bcbf9_webp.webp"
"MapDecor","maps_minimap_lane_2_webp","https://assets-bucket.deadlock-api.com/assets-api-res/images/maps/minimap_lane_2.webp","C:\APP\programs\shixi\deadlock-banpick\assets\UiDownloads\MapDecor\maps_minimap_lane_2_webp.webp"
"MapDecor","maps_minimap_lane_3_png","https://assets-bucket.deadlock-api.com/assets-api-res/images/maps/minimap_lane_3.png","C:\APP\programs\shixi\deadlock-banpick\assets\UiDownloads\MapDecor\maps_minimap_lane_3_png.png"
"MapDecor","maps_minimap_midtown_mid_tunnels_png","https://assets-bucket.deadlock-api.com/assets-api-res/images/maps/minimap_midtown_mid_tunnels.png","C:\APP\programs\shixi\deadlock-banpick\assets\UiDownloads\MapDecor\maps_minimap_midtown_mid_tunnels_png.png"
"MapDecor","maps_minimap_bg_webp","https://assets-bucket.deadlock-api.com/assets-api-res/images/maps/minimap_bg.webp","C:\APP\programs\shixi\deadlock-banpick\assets\UiDownloads\MapDecor\maps_minimap_bg_webp.webp"
"MapDecor","maps_minimap_frame_webp","https://assets-bucket.deadlock-api.com/assets-api-res/images/maps/minimap_frame.webp","C:\APP\programs\shixi\deadlock-banpick\assets\UiDownloads\MapDecor\maps_minimap_frame_webp.webp"
"MapDecor","maps_minimap_lane_1_png","https://assets-bucket.deadlock-api.com/assets-api-res/images/maps/minimap_lane_1.png","C:\APP\programs\shixi\deadlock-banpick\assets\UiDownloads\MapDecor\maps_minimap_lane_1_png.png"
"MapDecor","maps_minimap_lane_3_webp","https://assets-bucket.deadlock-api.com/assets-api-res/images/maps/minimap_lane_3.webp","C:\APP\programs\shixi\deadlock-banpick\assets\UiDownloads\MapDecor\maps_minimap_lane_3_webp.webp"
"MapDecor","maps_minimap_lane_4_webp","https://assets-bucket.deadlock-api.com/assets-api-res/images/maps/minimap_lane_4.webp","C:\APP\programs\shixi\deadlock-banpick\assets\UiDownloads\MapDecor\maps_minimap_lane_4_webp.webp"
"MapDecor","maps_minimap_lane_1_webp","https://assets-bucket.deadlock-api.com/assets-api-res/images/maps/minimap_lane_1.webp","C:\APP\programs\shixi\deadlock-banpick\assets\UiDownloads\MapDecor\maps_minimap_lane_1_webp.webp"
"MapDecor","maps_minimap_mid_psd_7034a849_png","https://assets-bucket.deadlock-api.com/assets-api-res/images/maps/minimap_mid_psd_7034a849.png","C:\APP\programs\shixi\deadlock-banpick\assets\UiDownloads\MapDecor\maps_minimap_mid_psd_7034a849_png.png"
"MapDecor","maps_minimap_frame_png","https://assets-bucket.deadlock-api.com/assets-api-res/images/maps/minimap_frame.png","C:\APP\programs\shixi\deadlock-banpick\assets\UiDownloads\MapDecor\maps_minimap_frame_png.png"
"MapDecor","maps_minimap_midtown_mid_psd_dd4bcbf9_png","https://assets-bucket.deadlock-api.com/assets-api-res/images/maps/minimap_midtown_mid_psd_dd4bcbf9.png","C:\APP\programs\shixi\deadlock-banpick\assets\UiDownloads\MapDecor\maps_minimap_midtown_mid_psd_dd4bcbf9_png.png"
"MapDecor","maps_minimap_lane_4_png","https://assets-bucket.deadlock-api.com/assets-api-res/images/maps/minimap_lane_4.png","C:\APP\programs\shixi\deadlock-banpick\assets\UiDownloads\MapDecor\maps_minimap_lane_4_png.png"
"MapDecor","maps_minimap_lane_2_png","https://assets-bucket.deadlock-api.com/assets-api-res/images/maps/minimap_lane_2.png","C:\APP\programs\shixi\deadlock-banpick\assets\UiDownloads\MapDecor\maps_minimap_lane_2_png.png"
"HeroBackgrounds","heroes_backgrounds_priest_bg_webp","https://assets-bucket.deadlock-api.com/assets-api-res/images/heroes/backgrounds/priest_bg.webp","C:\APP\programs\shixi\deadlock-banpick\assets\UiDownloads\HeroBackgrounds\heroes_backgrounds_priest_bg_webp.webp"
"HeroBackgrounds","heroes_backgrounds_generic_bg_png","https://assets-bucket.deadlock-api.com/assets-api-res/images/heroes/backgrounds/generic_bg.png","C:\APP\programs\shixi\deadlock-banpick\assets\UiDownloads\HeroBackgrounds\heroes_backgrounds_generic_bg_png.png"
"HeroBackgrounds","heroes_backgrounds_unicorn_bg_png","https://assets-bucket.deadlock-api.com/assets-api-res/images/heroes/backgrounds/unicorn_bg.png","C:\APP\programs\shixi\deadlock-banpick\assets\UiDownloads\HeroBackgrounds\heroes_backgrounds_unicorn_bg_png.png"
"HeroBackgrounds","heroes_backgrounds_patience_bg_webp","https://assets-bucket.deadlock-api.com/assets-api-res/images/heroes/backgrounds/patience_bg.webp","C:\APP\programs\shixi\deadlock-banpick\assets\UiDownloads\HeroBackgrounds\heroes_backgrounds_patience_bg_webp.webp"
"HeroBackgrounds","heroes_backgrounds_werewolf_bg_png","https://assets-bucket.deadlock-api.com/assets-api-res/images/heroes/backgrounds/werewolf_bg.png","C:\APP\programs\shixi\deadlock-banpick\assets\UiDownloads\HeroBackgrounds\heroes_backgrounds_werewolf_bg_png.png"
"HeroBackgrounds","heroes_backgrounds_billy_bg_png","https://assets-bucket.deadlock-api.com/assets-api-res/images/heroes/backgrounds/billy_bg.png","C:\APP\programs\shixi\deadlock-banpick\assets\UiDownloads\HeroBackgrounds\heroes_backgrounds_billy_bg_png.png"
"HeroBackgrounds","heroes_backgrounds_viscous_bg_png","https://assets-bucket.deadlock-api.com/assets-api-res/images/heroes/backgrounds/viscous_bg.png","C:\APP\programs\shixi\deadlock-banpick\assets\UiDownloads\HeroBackgrounds\heroes_backgrounds_viscous_bg_png.png"
"HeroBackgrounds","heroes_backgrounds_paradox_bg_png","https://assets-bucket.deadlock-api.com/assets-api-res/images/heroes/backgrounds/paradox_bg.png","C:\APP\programs\shixi\deadlock-banpick\assets\UiDownloads\HeroBackgrounds\heroes_backgrounds_paradox_bg_png.png"
"HeroBackgrounds","heroes_backgrounds_seven_bg_png","https://assets-bucket.deadlock-api.com/assets-api-res/images/heroes/backgrounds/seven_bg.png","C:\APP\programs\shixi\deadlock-banpick\assets\UiDownloads\HeroBackgrounds\heroes_backgrounds_seven_bg_png.png"
"HeroBackgrounds","heroes_backgrounds_astro_bg_png","https://assets-bucket.deadlock-api.com/assets-api-res/images/heroes/backgrounds/astro_bg.png","C:\APP\programs\shixi\deadlock-banpick\assets\UiDownloads\HeroBackgrounds\heroes_backgrounds_astro_bg_png.png"
"HeroBackgrounds","heroes_backgrounds_krill_bg_webp","https://assets-bucket.deadlock-api.com/assets-api-res/images/heroes/backgrounds/krill_bg.webp","C:\APP\programs\shixi\deadlock-banpick\assets\UiDownloads\HeroBackgrounds\heroes_backgrounds_krill_bg_webp.webp"
"HeroBackgrounds","heroes_backgrounds_krill_bg_png","https://assets-bucket.deadlock-api.com/assets-api-res/images/heroes/backgrounds/krill_bg.png","C:\APP\programs\shixi\deadlock-banpick\assets\UiDownloads\HeroBackgrounds\heroes_backgrounds_krill_bg_png.png"
"HeroBackgrounds","heroes_backgrounds_mcginnis_bg_png","https://assets-bucket.deadlock-api.com/assets-api-res/images/heroes/backgrounds/mcginnis_bg.png","C:\APP\programs\shixi\deadlock-banpick\assets\UiDownloads\HeroBackgrounds\heroes_backgrounds_mcginnis_bg_png.png"
"HeroBackgrounds","heroes_backgrounds_calico_bg_webp","https://assets-bucket.deadlock-api.com/assets-api-res/images/heroes/backgrounds/calico_bg.webp","C:\APP\programs\shixi\deadlock-banpick\assets\UiDownloads\HeroBackgrounds\heroes_backgrounds_calico_bg_webp.webp"
"HeroBackgrounds","heroes_backgrounds_grey_talon_bg_png","https://assets-bucket.deadlock-api.com/assets-api-res/images/heroes/backgrounds/grey_talon_bg.png","C:\APP\programs\shixi\deadlock-banpick\assets\UiDownloads\HeroBackgrounds\heroes_backgrounds_grey_talon_bg_png.png"
"HeroBackgrounds","heroes_backgrounds_necro_bg_webp","https://assets-bucket.deadlock-api.com/assets-api-res/images/heroes/backgrounds/necro_bg.webp","C:\APP\programs\shixi\deadlock-banpick\assets\UiDownloads\HeroBackgrounds\heroes_backgrounds_necro_bg_webp.webp"
"HeroBackgrounds","heroes_backgrounds_warden_bg_png","https://assets-bucket.deadlock-api.com/assets-api-res/images/heroes/backgrounds/warden_bg.png","C:\APP\programs\shixi\deadlock-banpick\assets\UiDownloads\HeroBackgrounds\heroes_backgrounds_warden_bg_png.png"
"HeroBackgrounds","heroes_backgrounds_drifter_bg_png","https://assets-bucket.deadlock-api.com/assets-api-res/images/heroes/backgrounds/drifter_bg.png","C:\APP\programs\shixi\deadlock-banpick\assets\UiDownloads\HeroBackgrounds\heroes_backgrounds_drifter_bg_png.png"
"HeroBackgrounds","heroes_backgrounds_drifter_bg_webp","https://assets-bucket.deadlock-api.com/assets-api-res/images/heroes/backgrounds/drifter_bg.webp","C:\APP\programs\shixi\deadlock-banpick\assets\UiDownloads\HeroBackgrounds\heroes_backgrounds_drifter_bg_webp.webp"
"HeroBackgrounds","heroes_backgrounds_paradox_bg_webp","https://assets-bucket.deadlock-api.com/assets-api-res/images/heroes/backgrounds/paradox_bg.webp","C:\APP\programs\shixi\deadlock-banpick\assets\UiDownloads\HeroBackgrounds\heroes_backgrounds_paradox_bg_webp.webp"
"HeroBackgrounds","heroes_backgrounds_warden_bg_webp","https://assets-bucket.deadlock-api.com/assets-api-res/images/heroes/backgrounds/warden_bg.webp","C:\APP\programs\shixi\deadlock-banpick\assets\UiDownloads\HeroBackgrounds\heroes_backgrounds_warden_bg_webp.webp"
"HeroBackgrounds","heroes_backgrounds_patience_bg_png","https://assets-bucket.deadlock-api.com/assets-api-res/images/heroes/backgrounds/patience_bg.png","C:\APP\programs\shixi\deadlock-banpick\assets\UiDownloads\HeroBackgrounds\heroes_backgrounds_patience_bg_png.png"
"HeroBackgrounds","heroes_backgrounds_familiar_bg_webp","https://assets-bucket.deadlock-api.com/assets-api-res/images/heroes/backgrounds/familiar_bg.webp","C:\APP\programs\shixi\deadlock-banpick\assets\UiDownloads\HeroBackgrounds\heroes_backgrounds_familiar_bg_webp.webp"
"HeroBackgrounds","heroes_backgrounds_pocket_bg_webp","https://assets-bucket.deadlock-api.com/assets-api-res/images/heroes/backgrounds/pocket_bg.webp","C:\APP\programs\shixi\deadlock-banpick\assets\UiDownloads\HeroBackgrounds\heroes_backgrounds_pocket_bg_webp.webp"
"HeroBackgrounds","heroes_backgrounds_haze_bg_webp","https://assets-bucket.deadlock-api.com/assets-api-res/images/heroes/backgrounds/haze_bg.webp","C:\APP\programs\shixi\deadlock-banpick\assets\UiDownloads\HeroBackgrounds\heroes_backgrounds_haze_bg_webp.webp"
"HeroBackgrounds","heroes_backgrounds_lash_bg_png","https://assets-bucket.deadlock-api.com/assets-api-res/images/heroes/backgrounds/lash_bg.png","C:\APP\programs\shixi\deadlock-banpick\assets\UiDownloads\HeroBackgrounds\heroes_backgrounds_lash_bg_png.png"
"HeroBackgrounds","heroes_backgrounds_vindicta_bg_webp","https://assets-bucket.deadlock-api.com/assets-api-res/images/heroes/backgrounds/vindicta_bg.webp","C:\APP\programs\shixi\deadlock-banpick\assets\UiDownloads\HeroBackgrounds\heroes_backgrounds_vindicta_bg_webp.webp"
"HeroBackgrounds","heroes_backgrounds_abrams_bg_webp","https://assets-bucket.deadlock-api.com/assets-api-res/images/heroes/backgrounds/abrams_bg.webp","C:\APP\programs\shixi\deadlock-banpick\assets\UiDownloads\HeroBackgrounds\heroes_backgrounds_abrams_bg_webp.webp"
"HeroBackgrounds","heroes_backgrounds_ivy_bg_webp","https://assets-bucket.deadlock-api.com/assets-api-res/images/heroes/backgrounds/ivy_bg.webp","C:\APP\programs\shixi\deadlock-banpick\assets\UiDownloads\HeroBackgrounds\heroes_backgrounds_ivy_bg_webp.webp"
"HeroBackgrounds","heroes_backgrounds_abrams_bg_png","https://assets-bucket.deadlock-api.com/assets-api-res/images/heroes/backgrounds/abrams_bg.png","C:\APP\programs\shixi\deadlock-banpick\assets\UiDownloads\HeroBackgrounds\heroes_backgrounds_abrams_bg_png.png"
"HeroBackgrounds","heroes_backgrounds_necro_bg_png","https://assets-bucket.deadlock-api.com/assets-api-res/images/heroes/backgrounds/necro_bg.png","C:\APP\programs\shixi\deadlock-banpick\assets\UiDownloads\HeroBackgrounds\heroes_backgrounds_necro_bg_png.png"
"HeroBackgrounds","heroes_backgrounds_wraith_bg_png","https://assets-bucket.deadlock-api.com/assets-api-res/images/heroes/backgrounds/wraith_bg.png","C:\APP\programs\shixi\deadlock-banpick\assets\UiDownloads\HeroBackgrounds\heroes_backgrounds_wraith_bg_png.png"
"HeroBackgrounds","heroes_backgrounds_doorman_bg_webp","https://assets-bucket.deadlock-api.com/assets-api-res/images/heroes/backgrounds/doorman_bg.webp","C:\APP\programs\shixi\deadlock-banpick\assets\UiDownloads\HeroBackgrounds\heroes_backgrounds_doorman_bg_webp.webp"
"HeroBackgrounds","heroes_backgrounds_victor_bg_png","https://assets-bucket.deadlock-api.com/assets-api-res/images/heroes/backgrounds/victor_bg.png","C:\APP\programs\shixi\deadlock-banpick\assets\UiDownloads\HeroBackgrounds\heroes_backgrounds_victor_bg_png.png"
"HeroBackgrounds","heroes_backgrounds_lash_bg_webp","https://assets-bucket.deadlock-api.com/assets-api-res/images/heroes/backgrounds/lash_bg.webp","C:\APP\programs\shixi\deadlock-banpick\assets\UiDownloads\HeroBackgrounds\heroes_backgrounds_lash_bg_webp.webp"
"HeroBackgrounds","heroes_backgrounds_kelvin_bg_webp","https://assets-bucket.deadlock-api.com/assets-api-res/images/heroes/backgrounds/kelvin_bg.webp","C:\APP\programs\shixi\deadlock-banpick\assets\UiDownloads\HeroBackgrounds\heroes_backgrounds_kelvin_bg_webp.webp"
"HeroBackgrounds","heroes_backgrounds_mina_bg_png","https://assets-bucket.deadlock-api.com/assets-api-res/images/heroes/backgrounds/mina_bg.png","C:\APP\programs\shixi\deadlock-banpick\assets\UiDownloads\HeroBackgrounds\heroes_backgrounds_mina_bg_png.png"
"HeroBackgrounds","heroes_backgrounds_infernus_bg_png","https://assets-bucket.deadlock-api.com/assets-api-res/images/heroes/backgrounds/infernus_bg.png","C:\APP\programs\shixi\deadlock-banpick\assets\UiDownloads\HeroBackgrounds\heroes_backgrounds_infernus_bg_png.png"
"HeroBackgrounds","heroes_backgrounds_wraith_bg_webp","https://assets-bucket.deadlock-api.com/assets-api-res/images/heroes/backgrounds/wraith_bg.webp","C:\APP\programs\shixi\deadlock-banpick\assets\UiDownloads\HeroBackgrounds\heroes_backgrounds_wraith_bg_webp.webp"
"HeroBackgrounds","heroes_backgrounds_bebop_bg_png","https://assets-bucket.deadlock-api.com/assets-api-res/images/heroes/backgrounds/bebop_bg.png","C:\APP\programs\shixi\deadlock-banpick\assets\UiDownloads\HeroBackgrounds\heroes_backgrounds_bebop_bg_png.png"
"HeroBackgrounds","heroes_backgrounds_geist_bg_webp","https://assets-bucket.deadlock-api.com/assets-api-res/images/heroes/backgrounds/geist_bg.webp","C:\APP\programs\shixi\deadlock-banpick\assets\UiDownloads\HeroBackgrounds\heroes_backgrounds_geist_bg_webp.webp"
"HeroBackgrounds","heroes_backgrounds_doorman_bg_png","https://assets-bucket.deadlock-api.com/assets-api-res/images/heroes/backgrounds/doorman_bg.png","C:\APP\programs\shixi\deadlock-banpick\assets\UiDownloads\HeroBackgrounds\heroes_backgrounds_doorman_bg_png.png"
"HeroBackgrounds","heroes_backgrounds_bebop_bg_webp","https://assets-bucket.deadlock-api.com/assets-api-res/images/heroes/backgrounds/bebop_bg.webp","C:\APP\programs\shixi\deadlock-banpick\assets\UiDownloads\HeroBackgrounds\heroes_backgrounds_bebop_bg_webp.webp"
"HeroBackgrounds","heroes_backgrounds_pocket_bg_png","https://assets-bucket.deadlock-api.com/assets-api-res/images/heroes/backgrounds/pocket_bg.png","C:\APP\programs\shixi\deadlock-banpick\assets\UiDownloads\HeroBackgrounds\heroes_backgrounds_pocket_bg_png.png"
"HeroBackgrounds","heroes_backgrounds_fencer_bg_png","https://assets-bucket.deadlock-api.com/assets-api-res/images/heroes/backgrounds/fencer_bg.png","C:\APP\programs\shixi\deadlock-banpick\assets\UiDownloads\HeroBackgrounds\heroes_backgrounds_fencer_bg_png.png"
"HeroBackgrounds","heroes_backgrounds_astro_bg_webp","https://assets-bucket.deadlock-api.com/assets-api-res/images/heroes/backgrounds/astro_bg.webp","C:\APP\programs\shixi\deadlock-banpick\assets\UiDownloads\HeroBackgrounds\heroes_backgrounds_astro_bg_webp.webp"
"HeroBackgrounds","heroes_backgrounds_generic_bg_webp","https://assets-bucket.deadlock-api.com/assets-api-res/images/heroes/backgrounds/generic_bg.webp","C:\APP\programs\shixi\deadlock-banpick\assets\UiDownloads\HeroBackgrounds\heroes_backgrounds_generic_bg_webp.webp"
"HeroBackgrounds","heroes_backgrounds_victor_bg_webp","https://assets-bucket.deadlock-api.com/assets-api-res/images/heroes/backgrounds/victor_bg.webp","C:\APP\programs\shixi\deadlock-banpick\assets\UiDownloads\HeroBackgrounds\heroes_backgrounds_victor_bg_webp.webp"
"HeroBackgrounds","heroes_backgrounds_fencer_bg_webp","https://assets-bucket.deadlock-api.com/assets-api-res/images/heroes/backgrounds/fencer_bg.webp","C:\APP\programs\shixi\deadlock-banpick\assets\UiDownloads\HeroBackgrounds\heroes_backgrounds_fencer_bg_webp.webp"
"HeroBackgrounds","heroes_backgrounds_ivy_bg_png","https://assets-bucket.deadlock-api.com/assets-api-res/images/heroes/backgrounds/ivy_bg.png","C:\APP\programs\shixi\deadlock-banpick\assets\UiDownloads\HeroBackgrounds\heroes_backgrounds_ivy_bg_png.png"
"HeroBackgrounds","heroes_backgrounds_vindicta_bg_png","https://assets-bucket.deadlock-api.com/assets-api-res/images/heroes/backgrounds/vindicta_bg.png","C:\APP\programs\shixi\deadlock-banpick\assets\UiDownloads\HeroBackgrounds\heroes_backgrounds_vindicta_bg_png.png"
"HeroBackgrounds","heroes_backgrounds_werewolf_bg_webp","https://assets-bucket.deadlock-api.com/assets-api-res/images/heroes/backgrounds/werewolf_bg.webp","C:\APP\programs\shixi\deadlock-banpick\assets\UiDownloads\HeroBackgrounds\heroes_backgrounds_werewolf_bg_webp.webp"
"HeroBackgrounds","heroes_backgrounds_mirage_bg_png","https://assets-bucket.deadlock-api.com/assets-api-res/images/heroes/backgrounds/mirage_bg.png","C:\APP\programs\shixi\deadlock-banpick\assets\UiDownloads\HeroBackgrounds\heroes_backgrounds_mirage_bg_png.png"
"HeroBackgrounds","heroes_backgrounds_magician_bg_webp","https://assets-bucket.deadlock-api.com/assets-api-res/images/heroes/backgrounds/magician_bg.webp","C:\APP\programs\shixi\deadlock-banpick\assets\UiDownloads\HeroBackgrounds\heroes_backgrounds_magician_bg_webp.webp"
"HeroBackgrounds","heroes_backgrounds_vyper_bg_png","https://assets-bucket.deadlock-api.com/assets-api-res/images/heroes/backgrounds/vyper_bg.png","C:\APP\programs\shixi\deadlock-banpick\assets\UiDownloads\HeroBackgrounds\heroes_backgrounds_vyper_bg_png.png"
"HeroBackgrounds","heroes_backgrounds_magician_bg_png","https://assets-bucket.deadlock-api.com/assets-api-res/images/heroes/backgrounds/magician_bg.png","C:\APP\programs\shixi\deadlock-banpick\assets\UiDownloads\HeroBackgrounds\heroes_backgrounds_magician_bg_png.png"
"HeroBackgrounds","heroes_backgrounds_geist_bg_png","https://assets-bucket.deadlock-api.com/assets-api-res/images/heroes/backgrounds/geist_bg.png","C:\APP\programs\shixi\deadlock-banpick\assets\UiDownloads\HeroBackgrounds\heroes_backgrounds_geist_bg_png.png"
"HeroBackgrounds","heroes_backgrounds_shiv_bg_png","https://assets-bucket.deadlock-api.com/assets-api-res/images/heroes/backgrounds/shiv_bg.png","C:\APP\programs\shixi\deadlock-banpick\assets\UiDownloads\HeroBackgrounds\heroes_backgrounds_shiv_bg_png.png"
"HeroBackgrounds","heroes_backgrounds_yamato_bg_png","https://assets-bucket.deadlock-api.com/assets-api-res/images/heroes/backgrounds/yamato_bg.png","C:\APP\programs\shixi\deadlock-banpick\assets\UiDownloads\HeroBackgrounds\heroes_backgrounds_yamato_bg_png.png"
"HeroBackgrounds","heroes_backgrounds_vyper_bg_webp","https://assets-bucket.deadlock-api.com/assets-api-res/images/heroes/backgrounds/vyper_bg.webp","C:\APP\programs\shixi\deadlock-banpick\assets\UiDownloads\HeroBackgrounds\heroes_backgrounds_vyper_bg_webp.webp"
"HeroBackgrounds","heroes_backgrounds_shiv_bg_webp","https://assets-bucket.deadlock-api.com/assets-api-res/images/heroes/backgrounds/shiv_bg.webp","C:\APP\programs\shixi\deadlock-banpick\assets\UiDownloads\HeroBackgrounds\heroes_backgrounds_shiv_bg_webp.webp"
"HeroBackgrounds","heroes_backgrounds_calico_bg_png","https://assets-bucket.deadlock-api.com/assets-api-res/images/heroes/backgrounds/calico_bg.png","C:\APP\programs\shixi\deadlock-banpick\assets\UiDownloads\HeroBackgrounds\heroes_backgrounds_calico_bg_png.png"
"HeroBackgrounds","heroes_backgrounds_priest_bg_png","https://assets-bucket.deadlock-api.com/assets-api-res/images/heroes/backgrounds/priest_bg.png","C:\APP\programs\shixi\deadlock-banpick\assets\UiDownloads\HeroBackgrounds\heroes_backgrounds_priest_bg_png.png"
"HeroBackgrounds","heroes_backgrounds_kelvin_bg_png","https://assets-bucket.deadlock-api.com/assets-api-res/images/heroes/backgrounds/kelvin_bg.png","C:\APP\programs\shixi\deadlock-banpick\assets\UiDownloads\HeroBackgrounds\heroes_backgrounds_kelvin_bg_png.png"
"HeroBackgrounds","heroes_backgrounds_dynamo_bg_png","https://assets-bucket.deadlock-api.com/assets-api-res/images/heroes/backgrounds/dynamo_bg.png","C:\APP\programs\shixi\deadlock-banpick\assets\UiDownloads\HeroBackgrounds\heroes_backgrounds_dynamo_bg_png.png"
"HeroBackgrounds","heroes_backgrounds_mirage_bg_webp","https://assets-bucket.deadlock-api.com/assets-api-res/images/heroes/backgrounds/mirage_bg.webp","C:\APP\programs\shixi\deadlock-banpick\assets\UiDownloads\HeroBackgrounds\heroes_backgrounds_mirage_bg_webp.webp"
"HeroBackgrounds","heroes_backgrounds_yamato_bg_webp","https://assets-bucket.deadlock-api.com/assets-api-res/images/heroes/backgrounds/yamato_bg.webp","C:\APP\programs\shixi\deadlock-banpick\assets\UiDownloads\HeroBackgrounds\heroes_backgrounds_yamato_bg_webp.webp"
"HeroBackgrounds","heroes_backgrounds_infernus_bg_webp","https://assets-bucket.deadlock-api.com/assets-api-res/images/heroes/backgrounds/infernus_bg.webp","C:\APP\programs\shixi\deadlock-banpick\assets\UiDownloads\HeroBackgrounds\heroes_backgrounds_infernus_bg_webp.webp"
"HeroBackgrounds","heroes_backgrounds_seven_bg_webp","https://assets-bucket.deadlock-api.com/assets-api-res/images/heroes/backgrounds/seven_bg.webp","C:\APP\programs\shixi\deadlock-banpick\assets\UiDownloads\HeroBackgrounds\heroes_backgrounds_seven_bg_webp.webp"
"HeroBackgrounds","heroes_backgrounds_dynamo_bg_webp","https://assets-bucket.deadlock-api.com/assets-api-res/images/heroes/backgrounds/dynamo_bg.webp","C:\APP\programs\shixi\deadlock-banpick\assets\UiDownloads\HeroBackgrounds\heroes_backgrounds_dynamo_bg_webp.webp"
"HeroBackgrounds","heroes_backgrounds_familiar_bg_png","https://assets-bucket.deadlock-api.com/assets-api-res/images/heroes/backgrounds/familiar_bg.png","C:\APP\programs\shixi\deadlock-banpick\assets\UiDownloads\HeroBackgrounds\heroes_backgrounds_familiar_bg_png.png"
"HeroBackgrounds","heroes_backgrounds_mcginnis_bg_webp","https://assets-bucket.deadlock-api.com/assets-api-res/images/heroes/backgrounds/mcginnis_bg.webp","C:\APP\programs\shixi\deadlock-banpick\assets\UiDownloads\HeroBackgrounds\heroes_backgrounds_mcginnis_bg_webp.webp"
"HeroBackgrounds","heroes_backgrounds_viscous_bg_webp","https://assets-bucket.deadlock-api.com/assets-api-res/images/heroes/backgrounds/viscous_bg.webp","C:\APP\programs\shixi\deadlock-banpick\assets\UiDownloads\HeroBackgrounds\heroes_backgrounds_viscous_bg_webp.webp"
"HeroBackgrounds","heroes_backgrounds_billy_bg_webp","https://assets-bucket.deadlock-api.com/assets-api-res/images/heroes/backgrounds/billy_bg.webp","C:\APP\programs\shixi\deadlock-banpick\assets\UiDownloads\HeroBackgrounds\heroes_backgrounds_billy_bg_webp.webp"
"HeroBackgrounds","heroes_backgrounds_unicorn_bg_webp","https://assets-bucket.deadlock-api.com/assets-api-res/images/heroes/backgrounds/unicorn_bg.webp","C:\APP\programs\shixi\deadlock-banpick\assets\UiDownloads\HeroBackgrounds\heroes_backgrounds_unicorn_bg_webp.webp"
"HeroBackgrounds","heroes_backgrounds_haze_bg_png","https://assets-bucket.deadlock-api.com/assets-api-res/images/heroes/backgrounds/haze_bg.png","C:\APP\programs\shixi\deadlock-banpick\assets\UiDownloads\HeroBackgrounds\heroes_backgrounds_haze_bg_png.png"
"HeroBackgrounds","heroes_backgrounds_mina_bg_webp","https://assets-bucket.deadlock-api.com/assets-api-res/images/heroes/backgrounds/mina_bg.webp","C:\APP\programs\shixi\deadlock-banpick\assets\UiDownloads\HeroBackgrounds\heroes_backgrounds_mina_bg_webp.webp"
"HeroBackgrounds","heroes_backgrounds_grey_talon_bg_webp","https://assets-bucket.deadlock-api.com/assets-api-res/images/heroes/backgrounds/grey_talon_bg.webp","C:\APP\programs\shixi\deadlock-banpick\assets\UiDownloads\HeroBackgrounds\heroes_backgrounds_grey_talon_bg_webp.webp"
"LobbyBackgrounds","main_menu_survey_bg_webp","https://assets-bucket.deadlock-api.com/assets-api-res/images/main_menu/survey_bg.webp","C:\APP\programs\shixi\deadlock-banpick\assets\UiDownloads\LobbyBackgrounds\main_menu_survey_bg_webp.webp"
"LobbyBackgrounds","main_menu_background_nyc_cityscape_bw_webp","https://assets-bucket.deadlock-api.com/assets-api-res/images/main_menu/background_nyc_cityscape_bw.webp","C:\APP\programs\shixi\deadlock-banpick\assets\UiDownloads\LobbyBackgrounds\main_menu_background_nyc_cityscape_bw_webp.webp"
"LobbyBackgrounds","main_menu_bg_city_png","https://assets-bucket.deadlock-api.com/assets-api-res/images/main_menu/bg_city.png","C:\APP\programs\shixi\deadlock-banpick\assets\UiDownloads\LobbyBackgrounds\main_menu_bg_city_png.png"
"LobbyBackgrounds","main_menu_recommend_bg_png","https://assets-bucket.deadlock-api.com/assets-api-res/images/main_menu/recommend_bg.png","C:\APP\programs\shixi\deadlock-banpick\assets\UiDownloads\LobbyBackgrounds\main_menu_recommend_bg_png.png"
"Logos","main_menu_deadlock_logo_inner_svg","https://assets-bucket.deadlock-api.com/assets-api-res/images/main_menu/deadlock_logo_inner.svg","C:\APP\programs\shixi\deadlock-banpick\assets\UiDownloads\Logos\main_menu_deadlock_logo_inner_svg.svg"
"LobbyBackgrounds","main_menu_bg_city_webp","https://assets-bucket.deadlock-api.com/assets-api-res/images/main_menu/bg_city.webp","C:\APP\programs\shixi\deadlock-banpick\assets\UiDownloads\LobbyBackgrounds\main_menu_bg_city_webp.webp"
"Logos","main_menu_logo_icon_webp","https://assets-bucket.deadlock-api.com/assets-api-res/images/main_menu/logo_icon.webp","C:\APP\programs\shixi\deadlock-banpick\assets\UiDownloads\Logos\main_menu_logo_icon_webp.webp"
"Logos","main_menu_deadlock_logo_outer_svg","https://assets-bucket.deadlock-api.com/assets-api-res/images/main_menu/deadlock_logo_outer.svg","C:\APP\programs\shixi\deadlock-banpick\assets\UiDownloads\Logos\main_menu_deadlock_logo_outer_svg.svg"
"Logos","main_menu_nav_bg_02_svg","https://assets-bucket.deadlock-api.com/assets-api-res/images/main_menu/nav_bg_02.svg","C:\APP\programs\shixi\deadlock-banpick\assets\UiDownloads\Logos\main_menu_nav_bg_02_svg.svg"
"Logos","main_menu_logo_icon_png","https://assets-bucket.deadlock-api.com/assets-api-res/images/main_menu/logo_icon.png","C:\APP\programs\shixi\deadlock-banpick\assets\UiDownloads\Logos\main_menu_logo_icon_png.png"
"Logos","main_menu_deadlock_logo_eye_svg","https://assets-bucket.deadlock-api.com/assets-api-res/images/main_menu/deadlock_logo_eye.svg","C:\APP\programs\shixi\deadlock-banpick\assets\UiDownloads\Logos\main_menu_deadlock_logo_eye_svg.svg"
"Logos","main_menu_nav_bg_03_svg","https://assets-bucket.deadlock-api.com/assets-api-res/images/main_menu/nav_bg_03.svg","C:\APP\programs\shixi\deadlock-banpick\assets\UiDownloads\Logos\main_menu_nav_bg_03_svg.svg"
"LobbyBackgrounds","main_menu_background_nyc_cityscape_bw_png","https://assets-bucket.deadlock-api.com/assets-api-res/images/main_menu/background_nyc_cityscape_bw.png","C:\APP\programs\shixi\deadlock-banpick\assets\UiDownloads\LobbyBackgrounds\main_menu_background_nyc_cityscape_bw_png.png"
"Logos","main_menu_deadlock_logo_inner_noeye_svg","https://assets-bucket.deadlock-api.com/assets-api-res/images/main_menu/deadlock_logo_inner_noeye.svg","C:\APP\programs\shixi\deadlock-banpick\assets\UiDownloads\Logos\main_menu_deadlock_logo_inner_noeye_svg.svg"
"LobbyBackgrounds","main_menu_survey_bg_png","https://assets-bucket.deadlock-api.com/assets-api-res/images/main_menu/survey_bg.png","C:\APP\programs\shixi\deadlock-banpick\assets\UiDownloads\LobbyBackgrounds\main_menu_survey_bg_png.png"
"Logos","main_menu_nav_bg_01_svg","https://assets-bucket.deadlock-api.com/assets-api-res/images/main_menu/nav_bg_01.svg","C:\APP\programs\shixi\deadlock-banpick\assets\UiDownloads\Logos\main_menu_nav_bg_01_svg.svg"
"Logos","main_menu_nav_bg_red_svg","https://assets-bucket.deadlock-api.com/assets-api-res/images/main_menu/nav_bg_red.svg","C:\APP\programs\shixi\deadlock-banpick\assets\UiDownloads\Logos\main_menu_nav_bg_red_svg.svg"
"LobbyBackgrounds","main_menu_recommend_bg_webp","https://assets-bucket.deadlock-api.com/assets-api-res/images/main_menu/recommend_bg.webp","C:\APP\programs\shixi\deadlock-banpick\assets\UiDownloads\LobbyBackgrounds\main_menu_recommend_bg_webp.webp"
"Panels","hud_core_spirit_jar_frame_png","https://assets-bucket.deadlock-api.com/assets-api-res/images/hud/core/spirit_jar_frame.png","C:\APP\programs\shixi\deadlock-banpick\assets\UiDownloads\Panels\hud_core_spirit_jar_frame_png.png"
"Panels","hud_core_ability_frame_passive_3_png","https://assets-bucket.deadlock-api.com/assets-api-res/images/hud/core/ability_frame_passive_3.png","C:\APP\programs\shixi\deadlock-banpick\assets\UiDownloads\Panels\hud_core_ability_frame_passive_3_png.png"
"TeamBadges","hud_core_team2_patron_logo_reveal_mask_webp","https://assets-bucket.deadlock-api.com/assets-api-res/images/hud/core/team2_patron_logo_reveal_mask.webp","C:\APP\programs\shixi\deadlock-banpick\assets\UiDownloads\TeamBadges\hud_core_team2_patron_logo_reveal_mask_webp.webp"
"TeamBadges","hud_core_team1_patron_logo_reveal_mask_png","https://assets-bucket.deadlock-api.com/assets-api-res/images/hud/core/team1_patron_logo_reveal_mask.png","C:\APP\programs\shixi\deadlock-banpick\assets\UiDownloads\TeamBadges\hud_core_team1_patron_logo_reveal_mask_png.png"
"TeamBadges","hud_core_team1_icon_png","https://assets-bucket.deadlock-api.com/assets-api-res/images/hud/core/team1_icon.png","C:\APP\programs\shixi\deadlock-banpick\assets\UiDownloads\TeamBadges\hud_core_team1_icon_png.png"
"TeamBadges","hud_core_team2_icon_webp","https://assets-bucket.deadlock-api.com/assets-api-res/images/hud/core/team2_icon.webp","C:\APP\programs\shixi\deadlock-banpick\assets\UiDownloads\TeamBadges\hud_core_team2_icon_webp.webp"
"Panels","hud_core_spirit_jar_frame_webp","https://assets-bucket.deadlock-api.com/assets-api-res/images/hud/core/spirit_jar_frame.webp","C:\APP\programs\shixi\deadlock-banpick\assets\UiDownloads\Panels\hud_core_spirit_jar_frame_webp.webp"
"TeamBadges","hud_core_icon_team1_webp","https://assets-bucket.deadlock-api.com/assets-api-res/images/hud/core/icon_team1.webp","C:\APP\programs\shixi\deadlock-banpick\assets\UiDownloads\TeamBadges\hud_core_icon_team1_webp.webp"
"Panels","hud_core_ability_frame_passive_2_webp","https://assets-bucket.deadlock-api.com/assets-api-res/images/hud/core/ability_frame_passive_2.webp","C:\APP\programs\shixi\deadlock-banpick\assets\UiDownloads\Panels\hud_core_ability_frame_passive_2_webp.webp"
"Panels","hud_core_ability_frame_passive_2_png","https://assets-bucket.deadlock-api.com/assets-api-res/images/hud/core/ability_frame_passive_2.png","C:\APP\programs\shixi\deadlock-banpick\assets\UiDownloads\Panels\hud_core_ability_frame_passive_2_png.png"
"Panels","hud_core_brawl_sigil_outer_webp","https://assets-bucket.deadlock-api.com/assets-api-res/images/hud/core/brawl_sigil_outer.webp","C:\APP\programs\shixi\deadlock-banpick\assets\UiDownloads\Panels\hud_core_brawl_sigil_outer_webp.webp"
"Panels","hud_core_ability_frame_passive_1_webp","https://assets-bucket.deadlock-api.com/assets-api-res/images/hud/core/ability_frame_passive_1.webp","C:\APP\programs\shixi\deadlock-banpick\assets\UiDownloads\Panels\hud_core_ability_frame_passive_1_webp.webp"
"TeamBadges","hud_core_icon_team1_png","https://assets-bucket.deadlock-api.com/assets-api-res/images/hud/core/icon_team1.png","C:\APP\programs\shixi\deadlock-banpick\assets\UiDownloads\TeamBadges\hud_core_icon_team1_png.png"
"Panels","hud_core_ability_frame_passive_0_png","https://assets-bucket.deadlock-api.com/assets-api-res/images/hud/core/ability_frame_passive_0.png","C:\APP\programs\shixi\deadlock-banpick\assets\UiDownloads\Panels\hud_core_ability_frame_passive_0_png.png"
"Panels","hud_core_ability_frame_passive_1_png","https://assets-bucket.deadlock-api.com/assets-api-res/images/hud/core/ability_frame_passive_1.png","C:\APP\programs\shixi\deadlock-banpick\assets\UiDownloads\Panels\hud_core_ability_frame_passive_1_png.png"
"TeamBadges","hud_core_team2_icon_png","https://assets-bucket.deadlock-api.com/assets-api-res/images/hud/core/team2_icon.png","C:\APP\programs\shixi\deadlock-banpick\assets\UiDownloads\TeamBadges\hud_core_team2_icon_png.png"
"TeamBadges","hud_core_team1_patron_logo_reveal_mask_webp","https://assets-bucket.deadlock-api.com/assets-api-res/images/hud/core/team1_patron_logo_reveal_mask.webp","C:\APP\programs\shixi\deadlock-banpick\assets\UiDownloads\TeamBadges\hud_core_team1_patron_logo_reveal_mask_webp.webp"
"Panels","hud_core_hero_info_panel_bg_png","https://assets-bucket.deadlock-api.com/assets-api-res/images/hud/core/hero_info_panel_bg.png","C:\APP\programs\shixi\deadlock-banpick\assets\UiDownloads\Panels\hud_core_hero_info_panel_bg_png.png"
"Panels","hud_core_ability_sub_frame_webp","https://assets-bucket.deadlock-api.com/assets-api-res/images/hud/core/ability_sub_frame.webp","C:\APP\programs\shixi\deadlock-banpick\assets\UiDownloads\Panels\hud_core_ability_sub_frame_webp.webp"
"Panels","hud_core_brawl_sigil_outer_png","https://assets-bucket.deadlock-api.com/assets-api-res/images/hud/core/brawl_sigil_outer.png","C:\APP\programs\shixi\deadlock-banpick\assets\UiDownloads\Panels\hud_core_brawl_sigil_outer_png.png"
"Panels","hud_core_status_bg_webp","https://assets-bucket.deadlock-api.com/assets-api-res/images/hud/core/status_bg.webp","C:\APP\programs\shixi\deadlock-banpick\assets\UiDownloads\Panels\hud_core_status_bg_webp.webp"
"TeamBadges","hud_core_team2_patron_logo_webp","https://assets-bucket.deadlock-api.com/assets-api-res/images/hud/core/team2_patron_logo.webp","C:\APP\programs\shixi\deadlock-banpick\assets\UiDownloads\TeamBadges\hud_core_team2_patron_logo_webp.webp"
"Panels","hud_core_hero_info_panel_bg_webp","https://assets-bucket.deadlock-api.com/assets-api-res/images/hud/core/hero_info_panel_bg.webp","C:\APP\programs\shixi\deadlock-banpick\assets\UiDownloads\Panels\hud_core_hero_info_panel_bg_webp.webp"
"TeamBadges","hud_core_team1_patron_logo_png","https://assets-bucket.deadlock-api.com/assets-api-res/images/hud/core/team1_patron_logo.png","C:\APP\programs\shixi\deadlock-banpick\assets\UiDownloads\TeamBadges\hud_core_team1_patron_logo_png.png"
"Panels","hud_core_ability_sub_frame_png","https://assets-bucket.deadlock-api.com/assets-api-res/images/hud/core/ability_sub_frame.png","C:\APP\programs\shixi\deadlock-banpick\assets\UiDownloads\Panels\hud_core_ability_sub_frame_png.png"
"TeamBadges","hud_core_team2_patron_logo_png","https://assets-bucket.deadlock-api.com/assets-api-res/images/hud/core/team2_patron_logo.png","C:\APP\programs\shixi\deadlock-banpick\assets\UiDownloads\TeamBadges\hud_core_team2_patron_logo_png.png"
"TeamBadges","hud_core_icon_team2_png","https://assets-bucket.deadlock-api.com/assets-api-res/images/hud/core/icon_team2.png","C:\APP\programs\shixi\deadlock-banpick\assets\UiDownloads\TeamBadges\hud_core_icon_team2_png.png"
"TeamBadges","hud_core_team1_patron_logo_webp","https://assets-bucket.deadlock-api.com/assets-api-res/images/hud/core/team1_patron_logo.webp","C:\APP\programs\shixi\deadlock-banpick\assets\UiDownloads\TeamBadges\hud_core_team1_patron_logo_webp.webp"
"Panels","hud_core_status_bg_png","https://assets-bucket.deadlock-api.com/assets-api-res/images/hud/core/status_bg.png","C:\APP\programs\shixi\deadlock-banpick\assets\UiDownloads\Panels\hud_core_status_bg_png.png"
"Panels","hud_core_ability_frame_passive_3_webp","https://assets-bucket.deadlock-api.com/assets-api-res/images/hud/core/ability_frame_passive_3.webp","C:\APP\programs\shixi\deadlock-banpick\assets\UiDownloads\Panels\hud_core_ability_frame_passive_3_webp.webp"
"Panels","hud_core_brawl_sigil_inner_png","https://assets-bucket.deadlock-api.com/assets-api-res/images/hud/core/brawl_sigil_inner.png","C:\APP\programs\shixi\deadlock-banpick\assets\UiDownloads\Panels\hud_core_brawl_sigil_inner_png.png"
"Panels","hud_core_brawl_sigil_center_webp","https://assets-bucket.deadlock-api.com/assets-api-res/images/hud/core/brawl_sigil_center.webp","C:\APP\programs\shixi\deadlock-banpick\assets\UiDownloads\Panels\hud_core_brawl_sigil_center_webp.webp"
"TeamBadges","hud_core_team1_icon_webp","https://assets-bucket.deadlock-api.com/assets-api-res/images/hud/core/team1_icon.webp","C:\APP\programs\shixi\deadlock-banpick\assets\UiDownloads\TeamBadges\hud_core_team1_icon_webp.webp"
"Panels","hud_core_brawl_sigil_inner_blurred_webp","https://assets-bucket.deadlock-api.com/assets-api-res/images/hud/core/brawl_sigil_inner_blurred.webp","C:\APP\programs\shixi\deadlock-banpick\assets\UiDownloads\Panels\hud_core_brawl_sigil_inner_blurred_webp.webp"
"Panels","hud_core_brawl_sigil_center_png","https://assets-bucket.deadlock-api.com/assets-api-res/images/hud/core/brawl_sigil_center.png","C:\APP\programs\shixi\deadlock-banpick\assets\UiDownloads\Panels\hud_core_brawl_sigil_center_png.png"
"TeamBadges","hud_core_team2_patron_logo_reveal_mask_png","https://assets-bucket.deadlock-api.com/assets-api-res/images/hud/core/team2_patron_logo_reveal_mask.png","C:\APP\programs\shixi\deadlock-banpick\assets\UiDownloads\TeamBadges\hud_core_team2_patron_logo_reveal_mask_png.png"
"TeamBadges","hud_core_icon_team2_webp","https://assets-bucket.deadlock-api.com/assets-api-res/images/hud/core/icon_team2.webp","C:\APP\programs\shixi\deadlock-banpick\assets\UiDownloads\TeamBadges\hud_core_icon_team2_webp.webp"
"Panels","hud_core_brawl_sigil_inner_webp","https://assets-bucket.deadlock-api.com/assets-api-res/images/hud/core/brawl_sigil_inner.webp","C:\APP\programs\shixi\deadlock-banpick\assets\UiDownloads\Panels\hud_core_brawl_sigil_inner_webp.webp"
"Panels","hud_core_brawl_sigil_inner_blurred_png","https://assets-bucket.deadlock-api.com/assets-api-res/images/hud/core/brawl_sigil_inner_blurred.png","C:\APP\programs\shixi\deadlock-banpick\assets\UiDownloads\Panels\hud_core_brawl_sigil_inner_blurred_png.png"
"Panels","hud_core_ability_frame_passive_0_webp","https://assets-bucket.deadlock-api.com/assets-api-res/images/hud/core/ability_frame_passive_0.webp","C:\APP\programs\shixi\deadlock-banpick\assets\UiDownloads\Panels\hud_core_ability_frame_passive_0_webp.webp"
